repo_name,license
autarch/Dist-Zilla-Plugin-Test-TidyAll,artistic-2.0
thundergnat/Prime-Factor,artistic-2.0
kusha-b-k/Turabian_Engin_Fan,artistic-2.0
onlinepremiumoutlet/onlinepremiumoutlet.github.io,artistic-2.0
huangyuanlove/LiaoBa_Service,artistic-2.0
gitpan/Mojo-Server-FCGI,artistic-2.0
justincampbell/lambdaconf-2015,artistic-2.0
b4ldr/atlas-traceroute-to-bgp,artistic-2.0
MBAOS/A,artistic-2.0
elbehosg/sg_test1,artistic-2.0
gitpan/Task-Map-Tube,artistic-2.0
aeizonmarks/nightingale,artistic-2.0
toddr/Razor2-Client-Agent,artistic-2.0
Ovid/Config-INI,artistic-2.0
SchranzBulkGH/bulkGH,artistic-2.0
Roseluck/AIRTS,artistic-2.0
TimePath/web-api-base,artistic-2.0
Github-cat-admin/freezing-lana,artistic-2.0
dicortazar/xen-code-review-analysis,artistic-2.0
dcngmbh/moox_assets,artistic-2.0
password123456/telegram,artistic-2.0
QuadCubedStudios/quadcubedstudios.github.io,artistic-2.0
gitpan/Business-DK-FI,artistic-2.0
enaltrebor/snippets,artistic-2.0
the872/the872.github.io,artistic-2.0
pangyre/p5-www-spyder,artistic-2.0
ihsanullahkhan/allmnylara,artistic-2.0
veravandeseyp/govt-theses-16-vera-van-de-seyp-deconstructing-methodologies,artistic-2.0
gitpan/JSON-Tiny,artistic-2.0
noomorph/ponton,artistic-2.0
bennie/perl-Text-Morse,artistic-2.0
3203317/h9n,artistic-2.0
peterpunk/my-pizzapi,artistic-2.0
iamdemsugar/ergo3d,artistic-2.0
joaquinferrero/Arduino_Perl_Interface,artistic-2.0
TheArchives/ArchBlock,artistic-2.0
gitpan/JQuery-DataTables-Request,artistic-2.0
Re0zzy/mine69,artistic-2.0
dotandimet/Mojolicious-Plugin-FeedReader,artistic-2.0
mathstat/test-blog,artistic-2.0
SlackerNet/SRS-Testing,artistic-2.0
fci525/perl-exonframes,artistic-2.0
dudleystorey/burnsbox,artistic-2.0
EphemCH/position-paper-ecta,artistic-2.0
MisionEvangelicaPalabraUngida/Radio-Palabra-Ungida,artistic-2.0
LuisRusso/Sabados,artistic-2.0
Safery/CSCA48-MultiSet_ADT,artistic-2.0
hugobarzano/osl-computer-management,artistic-2.0
heytensai/dundi,artistic-2.0
wahyupratama80/Talang-Air-Galvanis-02168938855,artistic-2.0
RyanTech/Android-PictureTagView,artistic-2.0
openraga/openraga.github.io,artistic-2.0
sairasam123/http-www.healthmarketscomplaints.com-celloplex-anti-aging-cream-,artistic-2.0
plockaby/perl-prancer-session-store-database,artistic-2.0
sramkrishna/LASGNOME,artistic-2.0
hellodata/wubacrawler,artistic-2.0
EDD2015/source_code_gps_tracker,artistic-2.0
simonwang384/PacMan,artistic-2.0
completelyAbsorbed/feedBuild,artistic-2.0
mrusoff/tutorials,artistic-2.0
ocefpaf/weather_and_climate,artistic-2.0
autarch/Dist-Zilla-Plugin-PurePerlTests,artistic-2.0
openstrike/ack2,artistic-2.0
kraih/mojo-pg,artistic-2.0
cbas/ga-wdi-profile-demo,artistic-2.0
gitpan/WWW-RabbitMQ,artistic-2.0
humancatfood/happy-2015,artistic-2.0
trekfan42/Delta-Fuselage,artistic-2.0
skaji/Data-Section-Simple,artistic-2.0
suretec/Document-eSign-Docusign,artistic-2.0
XTaTIK/XTaTIK,artistic-2.0
naranjitagolden/apis_excercise,artistic-2.0
AERProductions/Pondera,artistic-2.0
7ossam81/books_classification,artistic-2.0
gitpan/Str-Filter,artistic-2.0
ivywjhua/microsvc,artistic-2.0
potatogim/Device-Moose-SCSI,artistic-2.0
acidsalad/theFamily,artistic-2.0
fperrad/tap4embedded,artistic-2.0
spectreshadow990/Frankenstein-,artistic-2.0
aur-archive/simutrans-pak128-britain,artistic-2.0
spenk/DrugsMod,artistic-2.0
myciter/jwplayer-7.0,artistic-2.0
teodozjan/pekao-card-smasher,artistic-2.0
gitpan/Template-Liquid,artistic-2.0
sazzadshakhbd/javascript2,artistic-2.0
theodoremosby/designdocs,artistic-2.0
JoeTheGuy/product,artistic-2.0
dhurre/siraad,artistic-2.0
nanis/Earnest-Apian,artistic-2.0
west-uniex/hannarecipes,artistic-2.0
laben/p6-test-builder,artistic-2.0
github4bhavin/finance--Mortgage,artistic-2.0
jmaslak/perltest,artistic-2.0
Mouq/p6-Syntax-GetMethod,artistic-2.0
himg/hello-world,artistic-2.0
3rossty/arossty,artistic-2.0
OpenMusicKontrollers/orbit.lv2,artistic-2.0
ochoto/yose,artistic-2.0
st3vil/Crypt-Password,artistic-2.0
servicesolahartgrogol/service-wika-swh-jakarta-utara-081284422644,artistic-2.0
bbkr/exodus,artistic-2.0
ronanpaixao/ronanpaixao,artistic-2.0
azuredream/chat_server-client,artistic-2.0
Egyptian19/JemCraft,artistic-2.0
ZioRiP/cookie,artistic-2.0
ajs/perl6-log,artistic-2.0
JohanPotgieter/Internet,artistic-2.0
myafrica/java_snippets,artistic-2.0
gitpan/Net-Moip,artistic-2.0
DubiousYak/house,artistic-2.0
JJ/Infraestructura-como-servicio,artistic-2.0
tnalpgge/ant-docbook-dummy,artistic-2.0
FrederiqueLesne/van1,artistic-2.0
Gustra/gpackage,artistic-2.0
cono/p5-xmp-copy,artistic-2.0
bipartisanMas0n/FEMA-tier-budgeting,artistic-2.0
scottdred/project-Oyster-,artistic-2.0
nickolasnikolic/quicken,artistic-2.0
mgatto/Roomr-Frontend,artistic-2.0
ihrthk/android-dev-bookmarks,artistic-2.0
tmtowtdi/Games-Lacuna-Player,artistic-2.0
mattduncan87/nativewifi,artistic-2.0
ashima/webgl-decomment,artistic-2.0
hbtg/HBTG,artistic-2.0
leosilvadev/ilearning-view,artistic-2.0
nanis/template-plugin-commonmark,artistic-2.0
gitpan/Moo-Lax,artistic-2.0
sabarishwar/Rig_Groups,artistic-2.0
cygx/roast,artistic-2.0
skids/perl6-Proc-Screen,artistic-2.0
phongxen/px,artistic-2.0
copasi/COPASI,artistic-2.0
gitpan/Lorem,artistic-2.0
jsimonetti/px2sx,artistic-2.0
gitpan/Dancer-Logger-Log4perl,artistic-2.0
joeybaker/docker-syncthing,artistic-2.0
kilna/perl-Backticks,artistic-2.0
skington/netatalk-utils,artistic-2.0
plockaby/perl-thread-queue-priority,artistic-2.0
Manwar/Map-Tube-CLI,artistic-2.0
ronsavage/MojoX-ValidateHeadLinks,artistic-2.0
servicesolahartgrogol/service-solahart,artistic-2.0
zimx/exp.three,artistic-2.0
huihui4045/HelloWord,artistic-2.0
zoudifan/123,artistic-2.0
nunorc/perl6-CGI-Cookie,artistic-2.0
54545dfdfdtyg/furry-octo-ninja,artistic-2.0
humancatfood/goodbye-mr-spock,artistic-2.0
colelloa/adphi,artistic-2.0
bradmc/Ham-Reference-QRZ,artistic-2.0
Mrultimatenga/Cpp,artistic-2.0
mahiro/perl-Mail-IMAPQueue,artistic-2.0
cecile/Cecile_RecipeTooltip,artistic-2.0
briandfoy/macosx-alias,artistic-2.0
Selween/RumbleCard,artistic-2.0
peterfillmore/ThreatbuttFreeWifi,artistic-2.0
gitpan/Proc-PidChange,artistic-2.0
eesor/side_8848,artistic-2.0
gillivt/theploughonthegreen,artistic-2.0
anall/Barcode-PDF417,artistic-2.0
kasbert/spokeled,artistic-2.0
vmcoder/java6code,artistic-2.0
boubou54321/essai,artistic-2.0
capqueen/CapQueenCMS,artistic-2.0
ClaesCummings/Ankhbot-Commands,artistic-2.0
reexmonkey/fiction,artistic-2.0
gitpan/Chloro,artistic-2.0
umarags/test,artistic-2.0
Haystack-SWTC2014/chrome-extension,artistic-2.0
guidoalloatti/personal_page,artistic-2.0
OpenLinkedSocialData/gmane-politics-organizations-metareciclagem,artistic-2.0
electricmind/electricmind,artistic-2.0
TLINDEN/Data-Interactive-Inspect,artistic-2.0
epiphyllum/zeta,artistic-2.0
JJ/github-data-explorer,artistic-2.0
beyoutee/dont-nowhat-todo,artistic-2.0
pandareH/B1,artistic-2.0
Rockermarket/rockuP,artistic-2.0
bocahptualang/AutoComplete,artistic-2.0
GouveaHeitor/heitorg.github.io,artistic-2.0
ology/NLTK-Study,artistic-2.0
t-rects/scenery,artistic-2.0
gentletrollgames/dungeonshow,artistic-2.0
gitpan/Math-Random-MT-Perl,artistic-2.0
fifififififi/first,artistic-2.0
TorpedoCat/neumann,artistic-2.0
Oalamoud/proj7-Gcal,artistic-2.0
huangyuanlove/LiaoBa,artistic-2.0
adhikjoshi/bellevueblackboard,artistic-2.0
s-r-c/globhammer,artistic-2.0
gitpan/GappX-FileTree,artistic-2.0
vetinari/colorize,artistic-2.0
darenw/rubyschem,artistic-2.0
reiuyi/tagbooru,artistic-2.0
gingeralesy/ld33,artistic-2.0
uGuardian/CO2-Car,artistic-2.0
SchroSurgeon/Shy,artistic-2.0
xenoterracide/MooseX-Template,artistic-2.0
jbarber/omp-benchmarks,artistic-2.0
bschmalhofer/hq9plus,artistic-2.0
defwheezer/chatbot_Laybia_AI,artistic-2.0
edwardsharp/PPL_PD,artistic-2.0
benbryansallao/callvoid,artistic-2.0
atomic-penguin/dnsnarf,artistic-2.0
xplayr/-ampache-,artistic-2.0
lajandy/htrender,artistic-2.0
davidsuki/random,artistic-2.0
coke/p6-uni,artistic-2.0
ghard/chirp,artistic-2.0
endter/alohanation,artistic-2.0
AlastairKerr/ElHage2014,artistic-2.0
kirill85/BlackSquirrel,artistic-2.0
ranjeethmahankali/Lightning-Generator,artistic-2.0
Scorpion-Illuminati/ControllerTest,artistic-2.0
rafl/puppet-perlbrew,artistic-2.0
anamariasdiaz/Frikonos,artistic-2.0
zoffixznet/perl6-Lingua-Conjunction,artistic-2.0
mauricioszabo/receitas,artistic-2.0
sophielandver/final-proj,artistic-2.0
klaus03/Backup-XML-Reader,artistic-2.0
cebericus/DemoTown,artistic-2.0
bschmalhofer/eclectus,artistic-2.0
Tjorriemorrie/jeannemarais,artistic-2.0
amber98/art,artistic-2.0
ToasterIOB/I.T.-,artistic-2.0
PinaeOS/py-task,artistic-2.0
hj3938/android-dev-bookmarks,artistic-2.0
gdude2002/MojangAuth,artistic-2.0
hoonida/techplaything,artistic-2.0
jluis/datasciencecoursera,artistic-2.0
florin-chelaru/javascript-threadpool,artistic-2.0
gitpan/Test-Mock-MongoDB,artistic-2.0
ArchBang85/Peristalsis,artistic-2.0
gitpan/Antispam-Toolkit,artistic-2.0
Micka33/mangapins,artistic-2.0
colomon/Math-Vector,artistic-2.0
ZimmerSurfer/ZimmerSurfer,artistic-2.0
mcleandesigns/454,artistic-2.0
zphillipsgarywooster/mapping,artistic-2.0
gitpan/Cache-Bounded,artistic-2.0
gitpan/Plack-Middleware-Auth-Form,artistic-2.0
lzcintra/html5,artistic-2.0
clarkkarenl/brautbot,artistic-2.0
tylermenezes/OpenVBX-Directory,artistic-2.0
ggriffin924/FairFax1,artistic-2.0
Skarsnik/perl6-config-simple,artistic-2.0
zoffixznet/writing,artistic-2.0
okaoka/p6-Algorithm-AhoCorasick,artistic-2.0
AitorCobo/provaborrar,artistic-2.0
catalyst/Net-SSLeay-OO,artistic-2.0
brianthomas/txt2XML,artistic-2.0
obron-multimedia/obron-projects,artistic-2.0
pmaojo/md,artistic-2.0
magusbo/quiz2bpm,artistic-2.0
RandomWireTechnologies/ctrl-o-models,artistic-2.0
autarch/Pg-CLI,artistic-2.0
jacoby/Net-Globus,artistic-2.0
kidaa/And-So-It-Is,artistic-2.0
chrhsmt/marionette_sample,artistic-2.0
zmij/tip-iri,artistic-2.0
jonathanstowe/Audio-Encode-LameMP3,artistic-2.0
YoannLeGoff/legoff.bzh,artistic-2.0
blech/muni-crossing,artistic-2.0
Tongi/Goliath,artistic-2.0
dakkar/rakudo,artistic-2.0
adongroom/extjs5,artistic-2.0
RaspberrySpaceJam/LondonInfoSesh,artistic-2.0
osfameron/timer-example,artistic-2.0
yoelacarmichael/anastacia,artistic-2.0
Thi-Hoa/Projet-Dahouet,artistic-2.0
realiteit/zf2,artistic-2.0
dahankzter/go-presentation,artistic-2.0
pingia/android-dev-bookmarks,artistic-2.0
gh0stwizard/plwrd,artistic-2.0
plockaby/dart,artistic-2.0
cawhite78/hipphx-sql,artistic-2.0
qiujuer/Blink,artistic-2.0
gncstudios/banana,artistic-2.0
OSSCORP7/ROYAL-WlHEATH-KIDS-FASHION-,artistic-2.0
niczero/cohort,artistic-2.0
LCornelius/image,artistic-2.0
gitpan/Text-Upskirt,artistic-2.0
jonathanstowe/JSON-Unmarshal,artistic-2.0
parrot/c99,artistic-2.0
richard-thomas/GenSynthFlow,artistic-2.0
masak/proto,artistic-2.0
AkademyCreativeArts/dictionary,artistic-2.0
seth/sherl,artistic-2.0
lestrrat/DateTime-Astro,artistic-2.0
ojotoxy/Brightness,artistic-2.0
ventosus/patchdummy.lv2,artistic-2.0
nearform/nscale-sdk,artistic-2.0
Canasyst/johntest,artistic-2.0
adalsa91/IV16-17,artistic-2.0
donomii/throfflib,artistic-2.0
Akron/Mojolicious-Plugin-Oro-Viewer,artistic-2.0
theotherstupidguy/daadde-exposed,artistic-2.0
at-import/SUCKS,artistic-2.0
basiliscos/lua-scope,artistic-2.0
daherb/Prolog-Grammar,artistic-2.0
FokkeZB/gittio,artistic-2.0
awwaiid/p6-Inline-Ruby,artistic-2.0
TheGuardianWolf/Annotation-Tool,artistic-2.0
maros/HomelyAlarm,artistic-2.0
ESAD-Orleans/echo_system,artistic-2.0
parrot/tree-optimization,artistic-2.0
Demayl/misc-tools,artistic-2.0
localgiving/freshprinceofjira,artistic-2.0
andytk33/BUwebdesign,artistic-2.0
gitpan/Mojolicious-Plugin-DOCRenderer,artistic-2.0
Safety-Harbor-Robotics/HawkBotics,artistic-2.0
huangyibo/python_reptile,artistic-2.0
kanumandla3/asteriods,artistic-2.0
vKILLZONEv/Tutorial,artistic-2.0
gitpan/Gapp,artistic-2.0
tylermenezes/Bootsass,artistic-2.0
duanjigui/blog,artistic-2.0
henryykt/Debug-DBI,artistic-2.0
cvincent/versioning-test,artistic-2.0
briandfoy/Test-HTTPStatus,artistic-2.0
valera-rozuvan/stuff,artistic-2.0
shoichikaji/mi6,artistic-2.0
Mr-TT/Chemical_Engineering,artistic-2.0
prammer/specs,artistic-2.0
siranen/FreeIconsWebiOSAndroidWindows,artistic-2.0
jonyt/death-date,artistic-2.0
Getable/modal,artistic-2.0
jonathanstowe/p6-Sys-Lastlog,artistic-2.0
ramert/meteor_ruokapiiri,artistic-2.0
rns/MarpaX-Languages-JSON-AST,artistic-2.0
grondilu/libbitcoin-perl6,artistic-2.0
kind-red/kindred,artistic-2.0
bianlei/Android,artistic-2.0
piotr-yuxuan/molihua,artistic-2.0
TeamKuhl/KuhlEngine,artistic-2.0
dianams/email-signature,artistic-2.0
tokuhirom/p6-HTTP-Parser,artistic-2.0
Technocrazia/UnityGSheetMap,artistic-2.0
alinelena/vim-dlpoly,artistic-2.0
rodwyer100/grapher,artistic-2.0
gitpan/Mojolicious-Plugin-XML-Loy,artistic-2.0
geneura-papers/github-ranking,artistic-2.0
Robertof/perl-net-telnet-netgear,artistic-2.0
NOCKLIST/blackmanic,artistic-2.0
gitpan/MooseX-Types-Locale-US-States,artistic-2.0
gilimanjaro/LWP-Simple-JSON,artistic-2.0
KrAmyChiO12389/bearded-octo-dubstep,artistic-2.0
Terblanche/hello-world,artistic-2.0
moritz/perl6-pod-strip,artistic-2.0
lxshopping/Repositories-contributed,artistic-2.0
Q-Technologies/lobm,artistic-2.0
mirkhan/collaboratekhan,artistic-2.0
rahulakrishna/rahulakrishna.github.io,artistic-2.0
lsilbers/codepathTwitterFragments,artistic-2.0
m2kelley/SecureSet,artistic-2.0
PuercoPop/plump,artistic-2.0
friguzzi/auc,artistic-2.0
EddyTheDove/insearch,artistic-2.0
JosePV/IV-2015-16,artistic-2.0
smonff/mojolicious-play,artistic-2.0
s98313114/teso,artistic-2.0
ikkica/ikkica.github.io,artistic-2.0
DuoBot/Redemption,artistic-2.0
antosond/jsTraining,artistic-2.0
dwcarder/psTracerouteViewer,artistic-2.0
chuthuy123412/Thi-t-k-webb-n-h-ng-online,artistic-2.0
jsime/robobot,artistic-2.0
moznion/p6-IO-Blob,artistic-2.0
kevinjk/lvwc,artistic-2.0
florinpapa/PracticalTest01,artistic-2.0
migueib17/IV-2015-16,artistic-2.0
louisahsmith/louisahsmith.github.io,artistic-2.0
daoswald/Bytes-Random-Secure-Tiny,artistic-2.0
Giladx/MMidi,artistic-2.0
barathgamer56/java,artistic-2.0
adarob/eXpress,artistic-2.0
fanghq/git-learning,artistic-2.0
ashishdd84/mynotes,artistic-2.0
rkleemann/ack2,artistic-2.0
cjuan/Ham-Resources-Utils,artistic-2.0
ajolma/Tree-R,artistic-2.0
atroxaper/p6-TimeUnit,artistic-2.0
tony-o/perl6-http-server-async,artistic-2.0
anall/Image-PNG-Write-BW,artistic-2.0
autarch/Acme-Dzil-Plugin-Tester,artistic-2.0
SmartCloud2025/fastser-util,artistic-2.0
bakker-v/Voorbeeld,artistic-2.0
b2gills/rakudo,artistic-2.0
TheOdyssee/cuddly-turtle,artistic-2.0
tylermenezes/Shit-Points,artistic-2.0
Autio/Hegel-Wheel,artistic-2.0
kulinski94/YGPortfolio,artistic-2.0
misterbyrne/npm,artistic-2.0
servicesssolahart/service-wika-swh-082122541663,artistic-2.0
bipartisanMas0n/Naval-Vehicle_TASK-ORDER_Hero4,artistic-2.0
Storlek/matsuba,artistic-2.0
futurechallenger/pytornado,artistic-2.0
ufal/tred-extension-talbanken,artistic-2.0
Choens/sql-survival-guide,artistic-2.0
gitpan/Catalyst-Plugin-Session-AsObject,artistic-2.0
ignatiusvito/androgamepc,artistic-2.0
garu/Dancer-Plugin-Auth-Google,artistic-2.0
rec/swirler,artistic-2.0
ali10000000/shene,artistic-2.0
onceuponanapkin/flight,artistic-2.0
erikwirtz/testing,artistic-2.0
sanjeevsuresh/ChordFinder,artistic-2.0
longanimit/npni4processing,artistic-2.0
bio-miga/miga-clades,artistic-2.0
gitpan/Date-Holidays,artistic-2.0
sabracrolleton/sabra.crolleton.github.io,artistic-2.0
kaceo/book-tejas-music,artistic-2.0
zhaochuanTeam/Android-PictureTagView,artistic-2.0
nearform/nscale-noauth,artistic-2.0
krism0m/Python,artistic-2.0
cos12a/Screw-machine-IAR_UPD78F9212,artistic-2.0
fullnessfruit/Lyrics,artistic-2.0
pjt33/arfaxad,artistic-2.0
dramatic33/tresuresip.transmission,artistic-2.0
pharez/pharez.github.io,artistic-2.0
baest/Work-time,artistic-2.0
MarioRizo/Projects,artistic-2.0
daoswald/Inline-CPP,artistic-2.0
echlebek/cypres,artistic-2.0
gitpan/Mojolicious-Plugin-JQuery,artistic-2.0
Ajeetkg/yaaraa,artistic-2.0
menrique/angular_rails_app,artistic-2.0
SaturnV/Essence,artistic-2.0
trskz/autismusbern,artistic-2.0
JJ/2016-ea-languages-wcci,artistic-2.0
alexpos/alexpos.github.io,artistic-2.0
emojicode/emojicode,artistic-2.0
gitpan/Fey-ORM-Mock,artistic-2.0
divinentd/nils-sony-twitch-exercise,artistic-2.0
UltrosBot/Ultros3K,artistic-2.0
skankalicious/Koma-SenApp,artistic-2.0
kvisnia/IT-Web,artistic-2.0
gsiems/pTracker,artistic-2.0
Halo9Pan/zhan,artistic-2.0
Toofifty/Tittle,artistic-2.0
briandfoy/weather,artistic-2.0
kim554/GD358,artistic-2.0
simonwang384/MineSweeper,artistic-2.0
mercedeznah/potential-octo-batman,artistic-2.0
interhui/rafiki,artistic-2.0
Manwar/Task-Calendar,artistic-2.0
epiviz/epiviz-data-api,artistic-2.0
dasein-cloud/dasein-cloud-ibm,artistic-2.0
chenryn/logstash-p6,artistic-2.0
gitpan/Fey-Loader,artistic-2.0
trachelr/neural-mix,artistic-2.0
tylermenezes/FakeSSH,artistic-2.0
OlivierLarrieu/HYDV2_EFL,artistic-2.0
07060/ibrahim,artistic-2.0
CharlSteynberg/prisma.dev,artistic-2.0
gitpan/Tropo,artistic-2.0
gitpan/Text-Morse,artistic-2.0
yibter/mygarbs,artistic-2.0
fusilm16/MagiaCruda,artistic-2.0
5Speed/Public-Projection,artistic-2.0
PiJoules/closer-look,artistic-2.0
xelax/presentations,artistic-2.0
crosspath/dissertation-pm-software,artistic-2.0
gdude2002/ZNC-Modules,artistic-2.0
huangyuanlove/LiaoBa_Android,artistic-2.0
Rav3nMoonlight/PSF---The-PenSec-Framework,artistic-2.0
echirchir/gmt,artistic-2.0
mrdanding/H,artistic-2.0
selfexperiments/test-lab,artistic-2.0
gitpan/Map-Tube-GraphViz,artistic-2.0
well-spring/worshipist,artistic-2.0
Manwar/URL-Check,artistic-2.0
gitpan/Map-Tube-Text-Table,artistic-2.0
Greven-of-Norway/RC_CollectionAgent,artistic-2.0
sasedev/ilcfrance-orangetools,artistic-2.0
otrosien/Perl-Critic-CognitiveComplexity,artistic-2.0
Vongo/GetClean,artistic-2.0
dronly/ImoocNews,artistic-2.0
tylermenezes/Imhotep,artistic-2.0
oursevendev/various-animations,artistic-2.0
bradmc/Ham-Reference-Qsignals,artistic-2.0
zoffixznet/perl6-IRC-Client,artistic-2.0
AmieZukowski/AmieZukowski.github.io,artistic-2.0
volmer/mina,artistic-2.0
CandyAngel/mojo,artistic-2.0
goldKingMan/goldKingMan.github.io,artistic-2.0
nearform/azure-cs-container,artistic-2.0
ByteInternet/libmoosex-classattribute-perl,artistic-2.0
pauloewerton/partSOM4Grid,artistic-2.0
servicecentersolahart/servicecentersolahart,artistic-2.0
jkwebco/tripping-octo-computing-machine,artistic-2.0
moisesisaias/RestApi,artistic-2.0
pelaeznation/pieas,artistic-2.0
gitpan/Moose-OldDocs,artistic-2.0
scmorrison/p6-csv-image-downloader,artistic-2.0
DestinyOneSystems/GoHarmony,artistic-2.0
thinlizzy/die-tk,artistic-2.0
raydiak/Git-PurePerl,artistic-2.0
inventos/FlockPlay-ios,artistic-2.0
QuietOne/RoutineBusterWeb,artistic-2.0
mamal72/TLBot,artistic-2.0
atroxaper/Pod-SAX,artistic-2.0
cosmopod/prototipo-master,artistic-2.0
mfmora28/practicaUnia,artistic-2.0
gitpan/OTRS-OPM-Analyzer,artistic-2.0
km43689/krish,artistic-2.0
MarlenaK/SpaGal,artistic-2.0
decimalbell/muv,artistic-2.0
davidrapin/SmoothieBar,artistic-2.0
ppb/ppb-vector,artistic-2.0
gitpan/IPC-Locker,artistic-2.0
jorgeuve/Los-jubilados-vengadores,artistic-2.0
open2jamorg/open2jam,artistic-2.0
38695248/gulp-webpack,artistic-2.0
plainblack/Wing,artistic-2.0
noodles-v6/kafkas.io,artistic-2.0
gitpan/EPublisher-Source-Plugin-MetaCPAN,artistic-2.0
goalding/ctptest,artistic-2.0
mikabrytu/alienator,artistic-2.0
johnredd217/1-855-709-2847-Kodak-Printer-Customer-Service-Phone-Number,artistic-2.0
Quinny/perl6-examples,artistic-2.0
dddgluck/Proj1Test,artistic-2.0
chsanch/perl6-Lingua-Stopwords,artistic-2.0
vlet/mojo,artistic-2.0
teodozjan/lacuna-cookbuk,artistic-2.0
spebern/ANTLRv4-Translator,artistic-2.0
alex-tsai/alex-tsai.github.io,artistic-2.0
dgikiller/mojolicious-plugin-jquery,artistic-2.0
ronenwo/word-winds,artistic-2.0
laceypedersen3191/god-and-goddess,artistic-2.0
grinabms/puppet-test,artistic-2.0
gitpan/WebService-DeveloperGarden,artistic-2.0
plockaby/clone-scm,artistic-2.0
raydiak/pray,artistic-2.0
tieuboi2109/himmapan,artistic-2.0
jhi/PPI-Xref,artistic-2.0
gamonal/list,artistic-2.0
h15/http-spy,artistic-2.0
marcosbitetti/simple-blogger-simulator,artistic-2.0
simonwang384/Gauntlet,artistic-2.0
gitpan/Mojolicious-Plugin-I18NUtils,artistic-2.0
joevandebilt/Legend-Of-Drongo,artistic-2.0
gmarler/Devel-libdtrace,artistic-2.0
hartenfels/Text-Markdown-Discount,artistic-2.0
aronauts/aronauts.github.io,artistic-2.0
gitpan/MySQL-Workbench-Parser,artistic-2.0
elrzn/duplo,artistic-2.0
JLChnToZ/BMP-U,artistic-2.0
JuegosMentales/Adivinar-El-Numero,artistic-2.0
cdhunt/automatedops,artistic-2.0
cionplease/CionpleaseTestRepository2,artistic-2.0
SouthAfricaDigitalScience/HelloGrid,artistic-2.0
KiselewViktor/ballin-octo-computing-machine,artistic-2.0
bvthomsen/Dansk-QGIS-brugerforening,artistic-2.0
ybb13/Garbage,artistic-2.0
tylermenezes/FuelPHP-RESTful-CRUD-Controller,artistic-2.0
tscornpropst/Log-File,artistic-2.0
jamesabbott/BugBuilder,artistic-2.0
VISIONAI/visionai.github.io,artistic-2.0
tylermenezes/PyJobTools,artistic-2.0
alexneri/umi-sonoda-chrome-theme,artistic-2.0
vedindia/Indian-Bohemian-Tapestry,artistic-2.0
renatolrr/Japh,artistic-2.0
booooootoooo/agar,artistic-2.0
peterwebsite/PacMan1,artistic-2.0
ralph-e-boy/farse,artistic-2.0
oel-mediateam/lbplus,artistic-2.0
finanalyst/p6-inform,artistic-2.0
niczero/mojar,artistic-2.0
geneura-papers/honeypots-ecta,artistic-2.0
IWXJ/MVC,artistic-2.0
asarch/flor,artistic-2.0
Ivy007/web,artistic-2.0
myhappinessisyou01/hahappy-bless,artistic-2.0
CountryDreams/taciturn-quack,artistic-2.0
perlpilot/p6-IO-Notification-Recursive,artistic-2.0
PhantomThief/simple-failover-java,artistic-2.0
Manwar/Text-MostFreqKDistance,artistic-2.0
nearform/nscale-protocol,artistic-2.0
taylorBush/test,artistic-2.0
gbaz/lambdaconf-2015,artistic-2.0
anneliesrios/sitemobirise,artistic-2.0
HunterwolfAT/WissenschaftlichesArbeiten,artistic-2.0
labster/rakudo,artistic-2.0
feri42/deploytest,artistic-2.0
sophielandver/proj8-free,artistic-2.0
rjbs/rakudo,artistic-2.0
truemetal74/perl-www-segmentio,artistic-2.0
notthetup/sensortag-shake,artistic-2.0
gitpan/Params-Validate,artistic-2.0
Infinoid/svn-bisect,artistic-2.0
gitpan/Pod-Spell,artistic-2.0
AntonioPozo/IV-2015-16,artistic-2.0
maxrevilo/Mazzaroth,artistic-2.0
RushPro/firstRepository,artistic-2.0
mechatv/movies2,artistic-2.0
fedexyzz/Compresor7506,artistic-2.0
aminhack/cvp,artistic-2.0
raghava-d/raghava.info,artistic-2.0
gitpan/Tree-Binary,artistic-2.0
Aliza-Panitz/sandbox,artistic-2.0
vertigo-dk/VardeWaves,artistic-2.0
jmharrisdesigns/sunset-va,artistic-2.0
yulux/lazy-finance-quote,artistic-2.0
GCStokum/LastCallInn,artistic-2.0
jriverac29/MyGameProyect,artistic-2.0
alaned711/alaned,artistic-2.0
samv/AshaNetApp,artistic-2.0
DubiousYak/Rental,artistic-2.0
coke/famflags,artistic-2.0
SahilQaiser/BIT34,artistic-2.0
niczero/priorityeyes,artistic-2.0
hungnguyen1984/hung,artistic-2.0
gitpan/AnyEvent-Impl-FLTK,artistic-2.0
jurgencarlier/testRepoJurgen,artistic-2.0
poloroid/schmae,artistic-2.0
cynetoaljk99/COB6-COX-KR,artistic-2.0
sgml/nodebinder,artistic-2.0
ThorsteinnAdal/the-musical-mousetrap-project,artistic-2.0
gitpan/DotCloud-Environment,artistic-2.0
alb9264/Nattaporr-Support-Proyect,artistic-2.0
venkytv/alfred-caffeinate,artistic-2.0
darenw/cardboardbox,artistic-2.0
zmongoldz/mongodz,artistic-2.0
cebericus/PartialTown,artistic-2.0
ArchBang85/Milk-Blossom,artistic-2.0
scottw/git-rewrite-author,artistic-2.0
gitpan/Map-Tube-Novosibirsk,artistic-2.0
conkan/conkan_program,artistic-2.0
joemill/joemill.github.iso,artistic-2.0
brunoyin/club,artistic-2.0
1shapland/test-repo,artistic-2.0
sanderson1748/Brutal_Editor,artistic-2.0
DevonWangeline/Assignments,artistic-2.0
metui/test,artistic-2.0
LaMaldicionDeMandos/android-prode,artistic-2.0
tupinek/Map-Tube-GraphViz,artistic-2.0
shreya-68/Hypersafety-Monitor,artistic-2.0
mister-ben/docs,artistic-2.0
bethebestnine/ZE77.ZE.AM,artistic-2.0
brianmed/book_of_mojo,artistic-2.0
blockaystudio/com,artistic-2.0
charles-boyd/RPG-Engine,artistic-2.0
hphioolen/Newfish,artistic-2.0
gitpan/WWW-StatusBadge,artistic-2.0
picxenk/DesignByLOGO,artistic-2.0
CymaSpace/Light-Installations,artistic-2.0
escherba/segex,artistic-2.0
nwpointer/proj3-ajax,artistic-2.0
ukris/tweene,artistic-2.0
Statik-Metrics/Statik-Website,artistic-2.0
jshboy1213/fdsa,artistic-2.0
shaunstanislaus/Skoarcery,artistic-2.0
devrimbaris/cocuklar,artistic-2.0
smallbaby/datamodelertoetl,artistic-2.0
gitpan/WebService-Yummly,artistic-2.0
PixelRaven/RotateGame,artistic-2.0
EarthJem6/MSE,artistic-2.0
vivekrr/PowerShell,artistic-2.0
Mistralka/Test,artistic-2.0
NOCKLIST/rastadread,artistic-2.0
FaBoPlatform/FaBoUV-Si1132-Library,artistic-2.0
zmij/tip-http,artistic-2.0
umamags/vanavaniweb,artistic-2.0
saralmarion/lo-k-.-,artistic-2.0
laufeyjarson/samba-smbstatus,artistic-2.0
termatiko/termatiko.github.io,artistic-2.0
met3or/djangoproject,artistic-2.0
gitpan/Unix-Processors,artistic-2.0
perl6-community-modules/p6-test-builder,artistic-2.0
JOSEKIKOKIKI/Draganov9,artistic-2.0
ppamorim/ThankYouAppleBrazil,artistic-2.0
rhlrjv/markdown-to-slides-server,artistic-2.0
gitpan/SQL-Abstract-Plugin-InsertReturning,artistic-2.0
omegablk/bljk,artistic-2.0
niczero/mojolicious-plugin-log-timestamp,artistic-2.0
djpeluca/historias,artistic-2.0
NCEAS/nceas-web,artistic-2.0
paralax/awesome-honeypots,artistic-2.0
javiergarridomellado/IV-2015-16,artistic-2.0
iPleiadesDesigns/PleiadesDesigns,artistic-2.0
benbryansallao/bitcheeze,artistic-2.0
LEdoian/leren,artistic-2.0
argenmap/workshop-argenmap-2013,artistic-2.0
jonasbn/tjenkins,artistic-2.0
wgmartinez/slicktunes-db,artistic-2.0
Manwar/App-calendr,artistic-2.0
mdibaiee/webdevrobot,artistic-2.0
gitpan/Mojolicious-Plugin-CBOR,artistic-2.0
rjamestaylor/rjamestaylor.github.io,artistic-2.0
folkengine/folkengine.github.io,artistic-2.0
jpaldrin/toybox,artistic-2.0
rghusbands/Meet-Me-Web-App,artistic-2.0
maxcomm/ar_ejabberd,artistic-2.0
DrChainz/elicitX,artistic-2.0
ingrid-cespedes/portafolio4-DG,artistic-2.0
ClaireU/CLAIREREPOSITORY,artistic-2.0
jfraire/Device-Modbus,artistic-2.0
heikidev/Rebirth,artistic-2.0
douwedabbe/maps,artistic-2.0
kodysmith/lydiaNelsen,artistic-2.0
rajuwipro9/learning_git,artistic-2.0
muskelieno/konekonsulting,artistic-2.0
datatypevoid/naturally-baked,artistic-2.0
rec/untab,artistic-2.0
djpeluca/djpeluca,artistic-2.0
daherb/rpi-joystick,artistic-2.0
segment-boneyard/npm,artistic-2.0
gitpan/Test-Version,artistic-2.0
speakeasy/SKYEngine,artistic-2.0
I3enTi/Windows-7-Tweaks,artistic-2.0
BenXia/TXTDDemo,artistic-2.0
rjhunjhunwala/decision-tree,artistic-2.0
jpweiss/src.boilerplate,artistic-2.0
GRZSolutions/Balance,artistic-2.0
fugina-hackery/perl-gednav,artistic-2.0
jakeowns/irc_client,artistic-2.0
gitpan/Gtk2-Ex-CellRendererWrappedText,artistic-2.0
OpenMake-Software/Meister,artistic-2.0
Statik-Metrics/Statik-Report,artistic-2.0
gitpan/ruddy-prealpha,artistic-2.0
kmggh/javascript-orrery-example,artistic-2.0
FrancescAlted/ngrams,artistic-2.0
NOCKLIST/responsive-posters-module,artistic-2.0
christianchomiak/parollibereco,artistic-2.0
void-escu/alzinotes,artistic-2.0
letolabs/chimera,artistic-2.0
natmchugh/BogofSSL,artistic-2.0
sktay/GitHub_exist,artistic-2.0
negapunch/stuff,artistic-2.0
burlexpo/gbe10,artistic-2.0
medmatix/FundProgramming,artistic-2.0
frankiejol/bp15-webdev,artistic-2.0
dwery/dbix-easier,artistic-2.0
bennie/perl-Acme-KeyboardMarathon,artistic-2.0
perltrapcom/perltrapcom-ru,artistic-2.0
adszfwst/adszfwst,artistic-2.0
gitpan/Pony-Object,artistic-2.0
glizzade/MuralBot,artistic-2.0
theJenix/potential-adventure,artistic-2.0
Ochanda/datasciencecousera,artistic-2.0
gythialy/chinalist,artistic-2.0
intelligentdesign/zonosys,artistic-2.0
RiggityRob/Hello-World,artistic-2.0
gitpan/Mojolicious-Plugin-TagHelpersI18N,artistic-2.0
squell/bb-scripts,artistic-2.0
jonathanstowe/Squirrel,artistic-2.0
gfldex/perl6-ballet,artistic-2.0
yapcna/YAPC-utils,artistic-2.0
jbalint/dev_input_decoder,artistic-2.0
shengxiang/android-dev-bookmarks,artistic-2.0
weijianfeng/RxWeiboClient,artistic-2.0
XeriWare/Mojave,artistic-2.0
irfe/logo,artistic-2.0
valchonedelchev/Mojolicious-Plugin-SwaggerLite,artistic-2.0
svinota/lingua,artistic-2.0
dialmak/docs-ru,artistic-2.0
youprofit/parrot,artistic-2.0
manukyan1998/yuramanukyan2015-mail.ru,artistic-2.0
ingrid-cespedes/recorrer-del-acoger,artistic-2.0
f3l/openid-server-app,artistic-2.0
djez-eden/screencast_script,artistic-2.0
briandfoy/Pod-WordML,artistic-2.0
ilsedepourcq/portfolio,artistic-2.0
trizen/corvinus2,artistic-2.0
neon520/IV-2015-16,artistic-2.0
Scut-GOF/WeChat,artistic-2.0
MasterDuke17/List-Combinations,artistic-2.0
tuixopgiare/inquangminh,artistic-2.0
JJ/low-or-no-cost-gecco-2015,artistic-2.0
guangLess/oneLine,artistic-2.0
gitpan/Mojo-mysql,artistic-2.0
LIZA-1/One-Night-Stay-one-Night-Remember,artistic-2.0
austinvernsonger/New-Application--To-Be-Named-,artistic-2.0
yucomtrack/android-client,artistic-2.0
jdownloader-mirror/appwork-utils,artistic-2.0
moonsdad/Troll-Raider,artistic-2.0
shirha/freecell-solver,artistic-2.0
azawawi/totem,artistic-2.0
Manwar/CPAN-Search-Author,artistic-2.0
gitpan/WebNano-Controller-CRUD,artistic-2.0
caugustin/copal-css,artistic-2.0
Nakacoin/nakacoin,artistic-2.0
r-lyeh/medusa,artistic-2.0
PARIKSHITAYAN/logo-works,artistic-2.0
AnimalFarmInThaCountry/north-american-octo-bugfixes,artistic-2.0
stephanstan/personalwebspace,artistic-2.0
py-amigos/adengine,artistic-2.0
scoobster17/joose,artistic-2.0
bradmc/Ham-Reference-Callook,artistic-2.0
lukehb/rainy_night,artistic-2.0
jpaulm/csharpfbp,artistic-2.0
tony-o/rakudo,artistic-2.0
catalyst/XML-EPP,artistic-2.0
JJ/Log-YAML,artistic-2.0
atiq55/atiq,artistic-2.0
skaraliu/test,artistic-2.0
Liahim85/SaltyMod_1.8.9,artistic-2.0
catalyst/JSON-Assert,artistic-2.0
lm-JS/js-promise,artistic-2.0
AaronMulgrew/IMAT2204-DMU-ITECH,artistic-2.0
Kryntasia/abyssalbound,artistic-2.0
ANDROIDTODO/blog,artistic-2.0
clayton256/hoteldruid-bootstrap-availability,artistic-2.0
shrawaaan/how-to-become-rti-activist,artistic-2.0
rfilipo/XJoomla,artistic-2.0
yourwebcrafters/PC-Helper-123,artistic-2.0
moonsdad/HilDE,artistic-2.0
h3xx/ack2,artistic-2.0
dmitrymakhnin/nodepl,artistic-2.0
RoonZ/awesome-honeypots,artistic-2.0
jellygit/wolfet,artistic-2.0
gitpan/SMOP,artistic-2.0
Tom-Stacey/Turtle,artistic-2.0
kosh88/projectproperties,artistic-2.0
maunicof/site,artistic-2.0
ashed/inkscape-samples,artistic-2.0
smetral/ngozt,artistic-2.0
zoffixznet/druid,artistic-2.0
andersonsz180/anderson,artistic-2.0
JohnPickerill/km-images,artistic-2.0
salafrance-underhill/salafrance-admin,artistic-2.0
Elfhir/bootstrap-bd-theme,artistic-2.0
AlohaWorld/emacs,artistic-2.0
suicidejack/ruby-hard-way,artistic-2.0
01wneo/chinaweather,artistic-2.0
richelbilderbeek/LevendCluedo,artistic-2.0
corexcode/Rubypush,artistic-2.0
I3enTi/ENG140-Final,artistic-2.0
suliang1100/jQuery-plugin,artistic-2.0
spanel/whmcs-ptspanel,artistic-2.0
sarganar/infsp6,artistic-2.0
JosepBorrellSanchez/provaquit,artistic-2.0
bamtron5/grAB,artistic-2.0
mattn/p6-Growl-GNTP,artistic-2.0
ymyasoedov/p5-api-gitlab,artistic-2.0
pemedina/pemedina.github.io,artistic-2.0
jerry2tom/jrepo,artistic-2.0
gustavomrs/arvore-binaria-de-busca,artistic-2.0
Github-cat-admin/ducking-hipster,artistic-2.0
chuXieLiu/CXCamera,artistic-2.0
colleenpridemore/DataQuest,artistic-2.0
sofiayamil/fuzzy-octo-nemesis,artistic-2.0
briandfoy/HTTP-Cookies-Mozilla,artistic-2.0
yowcow/p6-Geography-China-Provinces,artistic-2.0
kimasendorf/ExtraFile,artistic-2.0
licongdashen/ZMducation,artistic-2.0
benbryansallao/On-or-FAQ-Off,artistic-2.0
tylermenezes/MarathonCraft,artistic-2.0
qwas00789/-,artistic-2.0
frankiejol/demo_mozrepl_perl,artistic-2.0
barefootcoder/jsonp,artistic-2.0
masak/007,artistic-2.0
ventosus/edje2yuv,artistic-2.0
aramisf/csbadges-live-stream,artistic-2.0
danielchatfield/latex-stuff,artistic-2.0
anamariasdiaz/MadAnaCloud,artistic-2.0
marekczuma/micro_tutorials,artistic-2.0
jonathanstowe/META6,artistic-2.0
cdkadmin/ducking-octo-hipster,artistic-2.0
debloqueriphone/5,artistic-2.0
gitpan/Map-Tube-Vienna,artistic-2.0
redesdepares/epep-2014,artistic-2.0
yanick/LMDB_File,artistic-2.0
samcv/rakudo,artistic-2.0
gitpan/Business-GL-Postalcode,artistic-2.0
tupinek/Map-Tube-Tbilisi,artistic-2.0
slalomzacharyd/gitmergepushpull,artistic-2.0
NicholasMcCarthy/ZTown,artistic-2.0
skaji/perl6-anybar,artistic-2.0
alinbsp/Perl-miniKanren,artistic-2.0
masak/perl6-examples,artistic-2.0
fuckyous/psychic-dangerzone,artistic-2.0
bryan-99/aaaaaaaaa,artistic-2.0
SnoringFrog/follow,artistic-2.0
niczero/mojo-cachinguseragent,artistic-2.0
coolhandluck/humidor,artistic-2.0
sp00nman/evoplot,artistic-2.0
joeybaker/is-business-day,artistic-2.0
kenbishop/kenbishop.github.io,artistic-2.0
TurpIF/data-gouv,artistic-2.0
petris/AnyEvent-Process,artistic-2.0
flexible-soft/php-flex-users,artistic-2.0
dragonwolverines/PokerGame-Javascript,artistic-2.0
iancclark/loginmon,artistic-2.0
irawachaloco/irawachaloco.github.io,artistic-2.0
Statik-Metrics/Statik-Support,artistic-2.0
matterstormlabs/project1_comingsoon,artistic-2.0
tgoldenberg/chessmeet,artistic-2.0
pdufault/LearnPythonTheHardWay,artistic-2.0
NOCKLIST/css-transitions,artistic-2.0
Evgenii888Evgenii/schipr,artistic-2.0
trizen/Data-Dump-Perl6,artistic-2.0
weilisip/uxguide,artistic-2.0
perlpunk/BerlinPM.github.io,artistic-2.0
zoffixznet/p6-modular,artistic-2.0
TP-Mobile1/acm,artistic-2.0
gauravtiwari/hireables,artistic-2.0
xenoterracide/Perl-PrereqScanner-Scanner-Catalyst,artistic-2.0
zengargoyle/p6-Search-Dict,artistic-2.0
Kothorian/3D-Models,artistic-2.0
Demayl/perl6-Net-SSH,artistic-2.0
TheSuman/WebCoder,artistic-2.0
itcharlie/Net-Gnats,artistic-2.0
gitpan/Mojolicious-Plugin-Log-Timestamp,artistic-2.0
blatyo/bplot,artistic-2.0
philippfrenzel/taatttoooo,artistic-2.0
Freakstorm/Facebook-Mobile,artistic-2.0
knelistonie/reps,artistic-2.0
Digitopia/CDM-GAMELAN-SAMPLE-LIBRARY,artistic-2.0
namratad/namrata,artistic-2.0
amd89058/portfolio,artistic-2.0
Borofi/Boblee,artistic-2.0
charrywong/Projects,artistic-2.0
viklund/november,artistic-2.0
egslava/translator-server,artistic-2.0
tjwei/awesome-tw-foss,artistic-2.0
aandnota/gde324-rwd,artistic-2.0
SimonDi-Integration/Property-Management,artistic-2.0
yannaj07/drunken-octo-boo,artistic-2.0
zhon/change-your-organization,artistic-2.0
RobertLRead/MariaAndTheMathFairies,artistic-2.0
captin411/devel-cover-report-clover,artistic-2.0
hoelzro/perl6-doc,artistic-2.0
manuelterrian/Deep-Fuss-Media-Website,artistic-2.0
drsimonmartin/drsimonmartin.github.io,artistic-2.0
elbehosg/migrations_cc2git,artistic-2.0
openrada/design,artistic-2.0
opcd/clone-rep,artistic-2.0
horsepunchkid/perl-Flickr-API,artistic-2.0
pef-secure/pef-log,artistic-2.0
jessehattabaugh/commandcraft,artistic-2.0
Arkeopix/AUM_Fishing,artistic-2.0
furriephillips/serial,artistic-2.0
rec/pyitunes,artistic-2.0
metaperl/mpa,artistic-2.0
michaelkuty/reclass,artistic-2.0
tmtmtmtm/spreadsheet-engine,artistic-2.0
gitpan/WebService-Box,artistic-2.0
Akron/Mojolicious-Plugin-Search,artistic-2.0
angular-tools/ng-jsoneditor,artistic-2.0
gitpan/Mojo-Server-FastCGI,artistic-2.0
bbkr/EmailDKIM,artistic-2.0
axay/eigen,artistic-2.0
Nopezal/Prism,artistic-2.0
moonsdad/music-mgr,artistic-2.0
uastw-embsys/Verilog-Perl,artistic-2.0
gllmAR/gllmar.github.com,artistic-2.0
Raztyck/JakaToMelodia,artistic-2.0
BigSpringFilm/logosNmedia,artistic-2.0
gdey/jsonpath,artistic-2.0
steffybarker/buckets_bugdets,artistic-2.0
parrot/parrot,artistic-2.0
gitpan/Mojolicious-Plugin-HostMeta,artistic-2.0
jippijip/MCMC_Art,artistic-2.0
ubuntuxtreme/Nvidia-installer,artistic-2.0
killeralien/sample,artistic-2.0
nianpengfei/Test,artistic-2.0
gitpan/Mojolicious-Plugin-BlogSpam,artistic-2.0
zengfanlin/Expression2Sql,artistic-2.0
McDoku/douglasmcdowell,artistic-2.0
daherb/Haskell-Muste,artistic-2.0
branchgabriel/neo4j-graph,artistic-2.0
gitpan/Authen-Radius,artistic-2.0
servioticy/servioticy-api-identity,artistic-2.0
eskaaren/SMS-Send-Telenor,artistic-2.0
ESAD-Orleans/camion_et_moi,artistic-2.0
deweysasser/docker-xymon,artistic-2.0
ajolma/Geo-Raster,artistic-2.0
garfieldzf/DoubleStone,artistic-2.0
molecules/FASTAptamer-ClusterParser,artistic-2.0
niczero/mojar-auth,artistic-2.0
gitpan/Data-Embed,artistic-2.0
StudentRND/Clear,artistic-2.0
Snelius30/Mojo-Email-Checker-SMTP,artistic-2.0
neodon/rest-data-client,artistic-2.0
Kerckhaert/Documentation,artistic-2.0
skids/perl6-Control-Bail,artistic-2.0
aishdw/aishdw.github.io,artistic-2.0
ericcotelnu/ericcotelnu.github.io,artistic-2.0
gitpan/AnyEvent-Blackboard,artistic-2.0
ronsavage/Lingua-EN-StopWordList,artistic-2.0
myblogfit/ABCbola.com-Agen-Judi-Bola-Terpercaya-Piala-Dunia-2014,artistic-2.0
JJ/nyc-42-8,artistic-2.0
plockaby/certificate-checker,artistic-2.0
mbethke/Lingua-LO-Transform,artistic-2.0
createspb/logo_footer_magic,artistic-2.0
bigthing33/LoginDemo,artistic-2.0
cjuan/Ham-Resources-HamQTH,artistic-2.0
dtenenba/renv,artistic-2.0
denjello/brunch-with-crypto,artistic-2.0
ESAD-Orleans/typographie_aleatoire_defonce,artistic-2.0
niczero/mojar-google-analytics,artistic-2.0
gitpan/HTTP-Tiny-Multipart,artistic-2.0
BarelyFunctional/DiffTool,artistic-2.0
3den/riotjs-connect4,artistic-2.0
kurdx11/kurdx11,artistic-2.0
virgoisee/ballin-octo-computing-machine-fig-you-re-itout,artistic-2.0
augint/rz.switchblade-osx,artistic-2.0